employee_id,employee_name,employee_salary,joining_date,email_id,contact_no,employee_department,status,branch_id
1,"Rahul Sharma",52000.00,"2026-02-12 18:54:42",emp1@chronovault.com,9000000001,IT,Active,1
2,"Priya Verma",48000.00,"2026-02-12 18:54:42",emp2@chronovault.com,9000000002,Finance,Active,1
3,"Amit Patel",60000.00,"2026-02-12 18:54:42",emp3@chronovault.com,9000000003,Loan,Active,1
4,"Sneha Iyer",45000.00,"2026-02-12 18:54:42",emp4@chronovault.com,9000000004,HR,Active,1
5,"Karan Mehta",40000.00,"2026-02-12 18:54:42",emp5@chronovault.com,9000000005,Support,Active,1
6,"Neha Singh",55000.00,"2026-02-12 18:54:42",emp6@chronovault.com,9000000006,IT,Active,2
7,"Rohit Nair",47000.00,"2026-02-12 18:54:42",emp7@chronovault.com,9000000007,Finance,Active,2
8,"Anjali Gupta",62000.00,"2026-02-12 18:54:42",emp8@chronovault.com,9000000008,Loan,Active,2
9,"Vikas Rao",43000.00,"2026-02-12 18:54:42",emp9@chronovault.com,9000000009,HR,Active,2
10,"Pooja Desai",41000.00,"2026-02-12 18:54:42",emp10@chronovault.com,9000000010,Support,Active,2
11,"Arjun Kapoor",53000.00,"2026-02-12 18:54:42",emp11@chronovault.com,9000000011,IT,Active,3
12,"Meera Joshi",49000.00,"2026-02-12 18:54:42",emp12@chronovault.com,9000000012,Finance,Active,3
13,"Sahil Khan",61000.00,"2026-02-12 18:54:42",emp13@chronovault.com,9000000013,Loan,Active,3
14,"Ritika Das",44000.00,"2026-02-12 18:54:42",emp14@chronovault.com,9000000014,HR,Active,3
15,"Aditya Roy",42000.00,"2026-02-12 18:54:42",emp15@chronovault.com,9000000015,Support,Active,3
16,"Varun Malhotra",51000.00,"2026-02-12 18:54:42",emp16@chronovault.com,9000000016,IT,Active,4
17,"Simran Kaur",47000.00,"2026-02-12 18:54:42",emp17@chronovault.com,9000000017,Finance,Active,4
18,"Manish Tiwari",59000.00,"2026-02-12 18:54:42",emp18@chronovault.com,9000000018,Loan,Active,4
19,"Isha Reddy",45000.00,"2026-02-12 18:54:42",emp19@chronovault.com,9000000019,HR,Active,4
20,"Deepak Yadav",42000.00,"2026-02-12 18:54:42",emp20@chronovault.com,9000000020,Support,Active,4
21,"Nikhil Jain",54000.00,"2026-02-12 18:54:42",emp21@chronovault.com,9000000021,IT,Active,5
22,"Aisha Khan",50000.00,"2026-02-12 18:54:42",emp22@chronovault.com,9000000022,Finance,Active,5
23,"Harsh Vora",61000.00,"2026-02-12 18:54:42",emp23@chronovault.com,9000000023,Loan,Active,5
24,"Divya Menon",46000.00,"2026-02-12 18:54:42",emp24@chronovault.com,9000000024,HR,Active,5
25,"Yash Kulkarni",43000.00,"2026-02-12 18:54:42",emp25@chronovault.com,9000000025,Support,Active,5
26,"Tanvi Rao",52000.00,"2026-02-12 18:54:42",emp26@chronovault.com,9000000026,IT,Active,6
27,"Kunal Arora",48000.00,"2026-02-12 18:54:42",emp27@chronovault.com,9000000027,Finance,Active,6
28,"Bhavesh Shah",60000.00,"2026-02-12 18:54:42",emp28@chronovault.com,9000000028,Loan,Active,6
29,"Sanya Kapoor",44000.00,"2026-02-12 18:54:42",emp29@chronovault.com,9000000029,HR,Active,6
30,"Ritesh Pillai",41000.00,"2026-02-12 18:54:42",emp30@chronovault.com,9000000030,Support,Active,6
31,"Abhishek Singh",55000.00,"2026-02-12 18:54:42",emp31@chronovault.com,9000000031,IT,Active,7
32,"Pallavi Das",49000.00,"2026-02-12 18:54:42",emp32@chronovault.com,9000000032,Finance,Active,7
33,"Omkar Patil",62000.00,"2026-02-12 18:54:42",emp33@chronovault.com,9000000033,Loan,Active,7
34,"Naina Gupta",45000.00,"2026-02-12 18:54:42",emp34@chronovault.com,9000000034,HR,Active,7
35,"Siddharth Roy",42000.00,"2026-02-12 18:54:42",emp35@chronovault.com,9000000035,Support,Active,7
36,"Rohan Mehra",53000.00,"2026-02-12 18:54:42",emp36@chronovault.com,9000000036,IT,Active,8
37,"Kritika Nair",48000.00,"2026-02-12 18:54:42",emp37@chronovault.com,9000000037,Finance,Active,8
38,"Ashwin Iyer",60000.00,"2026-02-12 18:54:42",emp38@chronovault.com,9000000038,Loan,Active,8
39,"Shreya Banerjee",45000.00,"2026-02-12 18:54:42",emp39@chronovault.com,9000000039,HR,Active,8
40,"Mohit Agarwal",41000.00,"2026-02-12 18:54:42",emp40@chronovault.com,9000000040,Support,Active,8
41,"Ankita Sharma",52000.00,"2026-02-12 18:54:42",emp41@chronovault.com,9000000041,IT,Active,9
42,"Gaurav Khanna",47000.00,"2026-02-12 18:54:42",emp42@chronovault.com,9000000042,Finance,Active,9
43,"Tejas Deshmukh",61000.00,"2026-02-12 18:54:42",emp43@chronovault.com,9000000043,Loan,Active,9
44,"Mitali Joshi",44000.00,"2026-02-12 18:54:42",emp44@chronovault.com,9000000044,HR,Active,9
45,"Harshit Malviya",42000.00,"2026-02-12 18:54:42",emp45@chronovault.com,9000000045,Support,Active,9
46,"Ibrahim Sheikh",54000.00,"2026-02-12 18:54:42",emp46@chronovault.com,9000000046,IT,Active,10
47,"Komal Yadav",50000.00,"2026-02-12 18:54:42",emp47@chronovault.com,9000000047,Finance,Active,10
48,"Raghav Bansal",62000.00,"2026-02-12 18:54:42",emp48@chronovault.com,9000000048,Loan,Active,10
49,"Aditi Rao",46000.00,"2026-02-12 18:54:42",emp49@chronovault.com,9000000049,HR,Active,10
50,"Sameer Kulkarni",43000.00,"2026-02-12 18:54:42",emp50@chronovault.com,9000000050,Support,Active,10
51,"Ritesh Sharma",52000.00,"2026-02-12 18:54:42",emp51@chronovault.com,9000000051,IT,Active,11
52,"Pooja Mehta",48000.00,"2026-02-12 18:54:42",emp52@chronovault.com,9000000052,Finance,Active,11
53,"Akash Patel",60000.00,"2026-02-12 18:54:42",emp53@chronovault.com,9000000053,Loan,Active,11
54,"Neha Iyer",45000.00,"2026-02-12 18:54:42",emp54@chronovault.com,9000000054,HR,Active,11
55,"Kunal Singh",42000.00,"2026-02-12 18:54:42",emp55@chronovault.com,9000000055,Support,Active,11
56,"Ananya Rao",53000.00,"2026-02-12 18:54:42",emp56@chronovault.com,9000000056,IT,Active,12
57,"Rohit Verma",47000.00,"2026-02-12 18:54:42",emp57@chronovault.com,9000000057,Finance,Active,12
58,"Divya Kapoor",61000.00,"2026-02-12 18:54:42",emp58@chronovault.com,9000000058,Loan,Active,12
59,"Sandeep Nair",44000.00,"2026-02-12 18:54:42",emp59@chronovault.com,9000000059,HR,Active,12
60,"Ishita Gupta",41000.00,"2026-02-12 18:54:42",emp60@chronovault.com,9000000060,Support,Active,12
61,"Manav Desai",55000.00,"2026-02-12 18:54:42",emp61@chronovault.com,9000000061,IT,Active,13
62,"Simran Joshi",49000.00,"2026-02-12 18:54:42",emp62@chronovault.com,9000000062,Finance,Active,13
63,"Aman Khan",62000.00,"2026-02-12 18:54:42",emp63@chronovault.com,9000000063,Loan,Active,13
64,"Riya Sharma",45000.00,"2026-02-12 18:54:42",emp64@chronovault.com,9000000064,HR,Active,13
65,"Yogesh Tiwari",42000.00,"2026-02-12 18:54:42",emp65@chronovault.com,9000000065,Support,Active,13
66,"Tanmay Roy",52000.00,"2026-02-12 18:54:42",emp66@chronovault.com,9000000066,IT,Active,14
67,"Priyal Shah",48000.00,"2026-02-12 18:54:42",emp67@chronovault.com,9000000067,Finance,Active,14
68,"Harshita Reddy",60000.00,"2026-02-12 18:54:42",emp68@chronovault.com,9000000068,Loan,Active,14
69,"Nitin Malhotra",45000.00,"2026-02-12 18:54:42",emp69@chronovault.com,9000000069,HR,Active,14
70,"Snehal Jain",43000.00,"2026-02-12 18:54:42",emp70@chronovault.com,9000000070,Support,Active,14
71,"Adarsh Pillai",54000.00,"2026-02-12 18:54:42",emp71@chronovault.com,9000000071,IT,Active,15
72,"Mansi Yadav",50000.00,"2026-02-12 18:54:42",emp72@chronovault.com,9000000072,Finance,Active,15
73,"Tushar Kulkarni",61000.00,"2026-02-12 18:54:42",emp73@chronovault.com,9000000073,Loan,Active,15
74,"Lavanya Das",46000.00,"2026-02-12 18:54:42",emp74@chronovault.com,9000000074,HR,Active,15
75,"Girish Mehra",42000.00,"2026-02-12 18:54:42",emp75@chronovault.com,9000000075,Support,Active,15
76,Employee76,52000.00,"2026-02-12 18:54:42",emp76@chronovault.com,9000000076,IT,Active,16
77,Employee77,48000.00,"2026-02-12 18:54:42",emp77@chronovault.com,9000000077,Finance,Active,16
78,Employee78,60000.00,"2026-02-12 18:54:42",emp78@chronovault.com,9000000078,Loan,Active,16
79,Employee79,45000.00,"2026-02-12 18:54:42",emp79@chronovault.com,9000000079,HR,Active,16
80,Employee80,42000.00,"2026-02-12 18:54:42",emp80@chronovault.com,9000000080,Support,Active,16
81,Employee81,53000.00,"2026-02-12 18:54:42",emp81@chronovault.com,9000000081,IT,Active,17
82,Employee82,47000.00,"2026-02-12 18:54:42",emp82@chronovault.com,9000000082,Finance,Active,17
83,Employee83,61000.00,"2026-02-12 18:54:42",emp83@chronovault.com,9000000083,Loan,Active,17
84,Employee84,44000.00,"2026-02-12 18:54:42",emp84@chronovault.com,9000000084,HR,Active,17
85,Employee85,41000.00,"2026-02-12 18:54:42",emp85@chronovault.com,9000000085,Support,Active,15
86,Employee246,54000.00,"2026-02-12 18:54:42",emp246@chronovault.com,9000000246,IT,Active,50
87,Employee247,50000.00,"2026-02-12 18:54:42",emp247@chronovault.com,9000000247,Finance,Active,50
88,Employee248,62000.00,"2026-02-12 18:54:42",emp248@chronovault.com,9000000248,Loan,Active,50
89,Employee249,46000.00,"2026-02-12 18:54:42",emp249@chronovault.com,9000000249,HR,Active,50
90,Employee250,43000.00,"2026-02-12 18:54:42",emp250@chronovault.com,9000000250,Support,Active,50
91,"Aarav Malhotra",52000.00,"2026-02-12 18:54:42",emp786@chronovault.com,9000000076,IT,Active,16
92,"Diya Bansal",48000.00,"2026-02-12 18:54:42",emp77@chronovault.com,9000000077,Finance,Active,16
93,"Kabir Anand",60000.00,"2026-02-12 18:54:42",emp78@chronovault.com,9000000078,Loan,Active,16
94,"Radhika Sen",45000.00,"2026-02-12 18:54:42",emp79@chronovault.com,9000000079,HR,Active,16
95,"Vivaan Sethi",42000.00,"2026-02-12 18:54:42",emp80@chronovault.com,9000000080,Support,Active,16
96,"Aryan Chawla",53000.00,"2026-02-12 18:54:42",emp81@chronovault.com,9000000081,IT,Active,17
97,"Sanya Mehra",47000.00,"2026-02-12 18:54:42",emp82@chronovault.com,9000000082,Finance,Active,17
98,"Reyansh Kulshrestha",61000.00,"2026-02-12 18:54:42",emp83@chronovault.com,9000000083,Loan,Active,17
99,"Anika Pillai",44000.00,"2026-02-12 18:54:42",emp84@chronovault.com,9000000084,HR,Active,17
100,"Krish Yadav",41000.00,"2026-02-12 18:54:42",emp85@chronovault.com,9000000085,Support,Active,17
101,"Ira Mukherjee",55000.00,"2026-02-12 18:54:42",emp86@chronovault.com,9000000086,IT,Active,18
102,"Devansh Reddy",49000.00,"2026-02-12 18:54:42",emp87@chronovault.com,9000000087,Finance,Active,18
103,"Myra Kapoor",62000.00,"2026-02-12 18:54:42",emp88@chronovault.com,9000000088,Loan,Active,18
104,"Laksh Verma",45000.00,"2026-02-12 18:54:42",emp89@chronovault.com,9000000089,HR,Active,18
105,"Tanisha Arora",42000.00,"2026-02-12 18:54:42",emp90@chronovault.com,9000000090,Support,Active,18
106,"Yuvan Nair",52000.00,"2026-02-12 18:54:42",emp91@chronovault.com,9000000091,IT,Active,19
107,"Navya Iyer",48000.00,"2026-02-12 18:54:42",emp92@chronovault.com,9000000092,Finance,Active,19
108,"Ayaan Sheikh",60000.00,"2026-02-12 18:54:42",emp93@chronovault.com,9000000093,Loan,Active,19
109,"Mehak Tandon",45000.00,"2026-02-12 18:54:42",emp94@chronovault.com,9000000094,HR,Active,19
110,"Pranav Joshi",43000.00,"2026-02-12 18:54:42",emp95@chronovault.com,9000000095,Support,Active,19
111,"Riya Malviya",54000.00,"2026-02-12 18:54:42",emp96@chronovault.com,9000000096,IT,Active,20
112,"Arnav Batra",50000.00,"2026-02-12 18:54:42",emp97@chronovault.com,9000000097,Finance,Active,20
113,"Ishaan Dutta",61000.00,"2026-02-12 18:54:42",emp98@chronovault.com,9000000098,Loan,Active,20
114,"Zara Khan",46000.00,"2026-02-12 18:54:42",emp99@chronovault.com,9000000099,HR,Active,20
115,"Dhruv Menon",42000.00,"2026-02-12 18:54:42",emp100@chronovault.com,9000000100,Support,Active,20
116,"Anvi Sharma",52000.00,"2026-02-12 18:54:42",emp101@chronovault.com,9000000101,IT,Active,21
117,"Harshit Kapoor",48000.00,"2026-02-12 18:54:42",emp102@chronovault.com,9000000102,Finance,Active,21
118,"Rohan Chatterjee",60000.00,"2026-02-12 18:54:42",emp103@chronovault.com,9000000103,Loan,Active,21
119,"Sakshi Rao",45000.00,"2026-02-12 18:54:42",emp104@chronovault.com,9000000104,HR,Active,21
120,"Vedant Mishra",42000.00,"2026-02-12 18:54:42",emp105@chronovault.com,9000000105,Support,Active,21
121,"Kavya Sinha",53000.00,"2026-02-12 18:54:42",emp106@chronovault.com,9000000106,IT,Active,22
122,"Rudra Patel",47000.00,"2026-02-12 18:54:42",emp107@chronovault.com,9000000107,Finance,Active,22
123,"Tara Nanda",61000.00,"2026-02-12 18:54:42",emp108@chronovault.com,9000000108,Loan,Active,22
124,"Advik Mehta",44000.00,"2026-02-12 18:54:42",emp109@chronovault.com,9000000109,HR,Active,22
125,"Shruti Deshpande",41000.00,"2026-02-12 18:54:42",emp110@chronovault.com,9000000110,Support,Active,22
126,"Naman Arora",55000.00,"2026-02-12 18:54:42",emp111@chronovault.com,9000000111,IT,Active,23
127,"Palak Jain",49000.00,"2026-02-12 18:54:42",emp112@chronovault.com,9000000112,Finance,Active,23
128,"Aarohi Singh",62000.00,"2026-02-12 18:54:42",emp113@chronovault.com,9000000113,Loan,Active,23
129,"Keshav Tiwari",45000.00,"2026-02-12 18:54:42",emp114@chronovault.com,9000000114,HR,Active,23
130,"Raghav Sharma",52000.00,"2026-02-12 18:54:42",emp116@chronovault.com,9000000116,IT,Active,24
131,"Ishita Nair",48000.00,"2026-02-12 18:54:42",emp117@chronovault.com,9000000117,Finance,Active,24
132,"Parth Desai",60000.00,"2026-02-12 18:54:42",emp118@chronovault.com,9000000118,Loan,Active,24
133,"Nisha Bhatia",45000.00,"2026-02-12 18:54:42",emp119@chronovault.com,9000000119,HR,Active,24
134,"Samar Verma",43000.00,"2026-02-12 18:54:42",emp120@chronovault.com,9000000120,Support,Active,24
135,"Alisha Roy",54000.00,"2026-02-12 18:54:42",emp121@chronovault.com,9000000121,IT,Active,25
136,"Kartik Malhotra",50000.00,"2026-02-12 18:54:42",emp122@chronovault.com,9000000122,Finance,Active,25
137,"Reetika Shah",61000.00,"2026-02-12 18:54:42",emp123@chronovault.com,9000000123,Loan,Active,25
138,"Yashika Pillai",46000.00,"2026-02-12 18:54:42",emp124@chronovault.com,9000000124,HR,Active,25
139,"Akhil Menon",42000.00,"2026-02-12 18:54:42",emp125@chronovault.com,9000000125,Support,Active,25
279,"Rahul Sharma",52000.00,"2026-02-13 19:00:08",emp1@chronovault.com,9000000001,IT,Active,1
280,"Priya Verma",48000.00,"2026-02-13 19:00:08",emp2@chronovault.com,9000000002,Finance,Active,1
281,"Amit Patel",60000.00,"2026-02-13 19:00:08",emp3@chronovault.com,9000000003,Loan,Active,1
282,"Sneha Iyer",45000.00,"2026-02-13 19:00:08",emp4@chronovault.com,9000000004,HR,Active,1
283,"Karan Mehta",40000.00,"2026-02-13 19:00:08",emp5@chronovault.com,9000000005,Support,Active,1
284,"Neha Singh",55000.00,"2026-02-13 19:00:08",emp6@chronovault.com,9000000006,IT,Active,2
285,"Rohit Nair",47000.00,"2026-02-13 19:00:08",emp7@chronovault.com,9000000007,Finance,Active,2
286,"Anjali Gupta",62000.00,"2026-02-13 19:00:08",emp8@chronovault.com,9000000008,Loan,Active,2
287,"Vikas Rao",43000.00,"2026-02-13 19:00:08",emp9@chronovault.com,9000000009,HR,Active,2
288,"Pooja Desai",41000.00,"2026-02-13 19:00:08",emp10@chronovault.com,9000000010,Support,Active,2
289,"Arjun Kapoor",53000.00,"2026-02-13 19:00:08",emp11@chronovault.com,9000000011,IT,Active,3
290,"Meera Joshi",49000.00,"2026-02-13 19:00:08",emp12@chronovault.com,9000000012,Finance,Active,3
291,"Sahil Khan",61000.00,"2026-02-13 19:00:08",emp13@chronovault.com,9000000013,Loan,Active,3
292,"Ritika Das",44000.00,"2026-02-13 19:00:08",emp14@chronovault.com,9000000014,HR,Active,3
293,"Aditya Roy",42000.00,"2026-02-13 19:00:08",emp15@chronovault.com,9000000015,Support,Active,3
294,"Varun Malhotra",51000.00,"2026-02-13 19:00:08",emp16@chronovault.com,9000000016,IT,Active,4
295,"Simran Kaur",47000.00,"2026-02-13 19:00:08",emp17@chronovault.com,9000000017,Finance,Active,4
296,"Manish Tiwari",59000.00,"2026-02-13 19:00:08",emp18@chronovault.com,9000000018,Loan,Active,4
297,"Isha Reddy",45000.00,"2026-02-13 19:00:08",emp19@chronovault.com,9000000019,HR,Active,4
298,"Deepak Yadav",42000.00,"2026-02-13 19:00:08",emp20@chronovault.com,9000000020,Support,Active,4
299,"Nikhil Jain",54000.00,"2026-02-13 19:00:08",emp21@chronovault.com,9000000021,IT,Active,5
300,"Aisha Khan",50000.00,"2026-02-13 19:00:08",emp22@chronovault.com,9000000022,Finance,Active,5
301,"Harsh Vora",61000.00,"2026-02-13 19:00:08",emp23@chronovault.com,9000000023,Loan,Active,5
302,"Divya Menon",46000.00,"2026-02-13 19:00:08",emp24@chronovault.com,9000000024,HR,Active,5
303,"Yash Kulkarni",43000.00,"2026-02-13 19:00:08",emp25@chronovault.com,9000000025,Support,Active,5
304,"Tanvi Rao",52000.00,"2026-02-13 19:00:08",emp26@chronovault.com,9000000026,IT,Active,6
305,"Kunal Arora",48000.00,"2026-02-13 19:00:08",emp27@chronovault.com,9000000027,Finance,Active,6
306,"Bhavesh Shah",60000.00,"2026-02-13 19:00:08",emp28@chronovault.com,9000000028,Loan,Active,6
307,"Sanya Kapoor",44000.00,"2026-02-13 19:00:08",emp29@chronovault.com,9000000029,HR,Active,6
308,"Ritesh Pillai",41000.00,"2026-02-13 19:00:08",emp30@chronovault.com,9000000030,Support,Active,6
309,"Abhishek Singh",55000.00,"2026-02-13 19:00:08",emp31@chronovault.com,9000000031,IT,Active,7
310,"Pallavi Das",49000.00,"2026-02-13 19:00:08",emp32@chronovault.com,9000000032,Finance,Active,7
311,"Omkar Patil",62000.00,"2026-02-13 19:00:08",emp33@chronovault.com,9000000033,Loan,Active,7
312,"Naina Gupta",45000.00,"2026-02-13 19:00:08",emp34@chronovault.com,9000000034,HR,Active,7
313,"Siddharth Roy",42000.00,"2026-02-13 19:00:08",emp35@chronovault.com,9000000035,Support,Active,7
314,"Rohan Mehra",53000.00,"2026-02-13 19:00:08",emp36@chronovault.com,9000000036,IT,Active,8
315,"Kritika Nair",48000.00,"2026-02-13 19:00:08",emp37@chronovault.com,9000000037,Finance,Active,8
316,"Ashwin Iyer",60000.00,"2026-02-13 19:00:08",emp38@chronovault.com,9000000038,Loan,Active,8
317,"Shreya Banerjee",45000.00,"2026-02-13 19:00:08",emp39@chronovault.com,9000000039,HR,Active,8
318,"Mohit Agarwal",41000.00,"2026-02-13 19:00:08",emp40@chronovault.com,9000000040,Support,Active,8
319,"Ankita Sharma",52000.00,"2026-02-13 19:00:08",emp41@chronovault.com,9000000041,IT,Active,9
320,"Gaurav Khanna",47000.00,"2026-02-13 19:00:08",emp42@chronovault.com,9000000042,Finance,Active,9
321,"Tejas Deshmukh",61000.00,"2026-02-13 19:00:08",emp43@chronovault.com,9000000043,Loan,Active,9
322,"Mitali Joshi",44000.00,"2026-02-13 19:00:08",emp44@chronovault.com,9000000044,HR,Active,9
323,"Harshit Malviya",42000.00,"2026-02-13 19:00:08",emp45@chronovault.com,9000000045,Support,Active,9
324,"Ibrahim Sheikh",54000.00,"2026-02-13 19:00:08",emp46@chronovault.com,9000000046,IT,Active,10
325,"Komal Yadav",50000.00,"2026-02-13 19:00:08",emp47@chronovault.com,9000000047,Finance,Active,10
326,"Raghav Bansal",62000.00,"2026-02-13 19:00:08",emp48@chronovault.com,9000000048,Loan,Active,10
327,"Aditi Rao",46000.00,"2026-02-13 19:00:08",emp49@chronovault.com,9000000049,HR,Active,10
328,"Sameer Kulkarni",43000.00,"2026-02-13 19:00:08",emp50@chronovault.com,9000000050,Support,Active,10
329,"Ritesh Sharma",52000.00,"2026-02-13 19:00:08",emp51@chronovault.com,9000000051,IT,Active,11
330,"Pooja Mehta",48000.00,"2026-02-13 19:00:08",emp52@chronovault.com,9000000052,Finance,Active,11
331,"Akash Patel",60000.00,"2026-02-13 19:00:08",emp53@chronovault.com,9000000053,Loan,Active,11
332,"Neha Iyer",45000.00,"2026-02-13 19:00:08",emp54@chronovault.com,9000000054,HR,Active,11
333,"Kunal Singh",42000.00,"2026-02-13 19:00:08",emp55@chronovault.com,9000000055,Support,Active,11
334,"Ananya Rao",53000.00,"2026-02-13 19:00:08",emp56@chronovault.com,9000000056,IT,Active,12
335,"Rohit Verma",47000.00,"2026-02-13 19:00:08",emp57@chronovault.com,9000000057,Finance,Active,12
336,"Divya Kapoor",61000.00,"2026-02-13 19:00:08",emp58@chronovault.com,9000000058,Loan,Active,12
337,"Sandeep Nair",44000.00,"2026-02-13 19:00:08",emp59@chronovault.com,9000000059,HR,Active,12
338,"Ishita Gupta",41000.00,"2026-02-13 19:00:08",emp60@chronovault.com,9000000060,Support,Active,12
339,"Manav Desai",55000.00,"2026-02-13 19:00:08",emp61@chronovault.com,9000000061,IT,Active,13
340,"Simran Joshi",49000.00,"2026-02-13 19:00:08",emp62@chronovault.com,9000000062,Finance,Active,13
341,"Aman Khan",62000.00,"2026-02-13 19:00:08",emp63@chronovault.com,9000000063,Loan,Active,13
342,"Riya Sharma",45000.00,"2026-02-13 19:00:08",emp64@chronovault.com,9000000064,HR,Active,13
343,"Yogesh Tiwari",42000.00,"2026-02-13 19:00:08",emp65@chronovault.com,9000000065,Support,Active,13
344,"Tanmay Roy",52000.00,"2026-02-13 19:00:08",emp66@chronovault.com,9000000066,IT,Active,14
345,"Priyal Shah",48000.00,"2026-02-13 19:00:08",emp67@chronovault.com,9000000067,Finance,Active,14
346,"Harshita Reddy",60000.00,"2026-02-13 19:00:08",emp68@chronovault.com,9000000068,Loan,Active,14
347,"Nitin Malhotra",45000.00,"2026-02-13 19:00:08",emp69@chronovault.com,9000000069,HR,Active,14
348,"Snehal Jain",43000.00,"2026-02-13 19:00:08",emp70@chronovault.com,9000000070,Support,Active,14
349,"Adarsh Pillai",54000.00,"2026-02-13 19:00:08",emp71@chronovault.com,9000000071,IT,Active,15
350,"Mansi Yadav",50000.00,"2026-02-13 19:00:08",emp72@chronovault.com,9000000072,Finance,Active,15
351,"Tushar Kulkarni",61000.00,"2026-02-13 19:00:08",emp73@chronovault.com,9000000073,Loan,Active,15
352,"Lavanya Das",46000.00,"2026-02-13 19:00:08",emp74@chronovault.com,9000000074,HR,Active,15
353,"Girish Mehra",42000.00,"2026-02-13 19:00:08",emp75@chronovault.com,9000000075,Support,Active,15
354,Employee76,52000.00,"2026-02-13 19:00:08",emp76@chronovault.com,9000000076,IT,Active,16
355,Employee77,48000.00,"2026-02-13 19:00:08",emp77@chronovault.com,9000000077,Finance,Active,16
356,Employee78,60000.00,"2026-02-13 19:00:08",emp78@chronovault.com,9000000078,Loan,Active,16
357,Employee79,45000.00,"2026-02-13 19:00:08",emp79@chronovault.com,9000000079,HR,Active,16
358,Employee80,42000.00,"2026-02-13 19:00:08",emp80@chronovault.com,9000000080,Support,Active,16
359,Employee81,53000.00,"2026-02-13 19:00:08",emp81@chronovault.com,9000000081,IT,Active,17
360,Employee82,47000.00,"2026-02-13 19:00:08",emp82@chronovault.com,9000000082,Finance,Active,17
361,Employee83,61000.00,"2026-02-13 19:00:08",emp83@chronovault.com,9000000083,Loan,Active,17
362,Employee84,44000.00,"2026-02-13 19:00:08",emp84@chronovault.com,9000000084,HR,Active,17
363,Employee85,41000.00,"2026-02-13 19:00:08",emp85@chronovault.com,9000000085,Support,Active,15
364,Employee246,54000.00,"2026-02-13 19:00:08",emp246@chronovault.com,9000000246,IT,Active,50
365,Employee247,50000.00,"2026-02-13 19:00:08",emp247@chronovault.com,9000000247,Finance,Active,50
366,Employee248,62000.00,"2026-02-13 19:00:08",emp248@chronovault.com,9000000248,Loan,Active,50
367,Employee249,46000.00,"2026-02-13 19:00:08",emp249@chronovault.com,9000000249,HR,Active,50
368,Employee250,43000.00,"2026-02-13 19:00:08",emp250@chronovault.com,9000000250,Support,Active,50
369,"Aarav Malhotra",52000.00,"2026-02-13 19:00:08",emp76@chronovault.com,9000000076,IT,Active,16
370,"Diya Bansal",48000.00,"2026-02-13 19:00:08",emp77@chronovault.com,9000000077,Finance,Active,16
371,"Kabir Anand",60000.00,"2026-02-13 19:00:08",emp78@chronovault.com,9000000078,Loan,Active,16
372,"Radhika Sen",45000.00,"2026-02-13 19:00:08",emp79@chronovault.com,9000000079,HR,Active,16
373,"Vivaan Sethi",42000.00,"2026-02-13 19:00:08",emp80@chronovault.com,9000000080,Support,Active,16
374,"Aryan Chawla",53000.00,"2026-02-13 19:00:08",emp81@chronovault.com,9000000081,IT,Active,17
375,"Sanya Mehra",47000.00,"2026-02-13 19:00:08",emp82@chronovault.com,9000000082,Finance,Active,17
376,"Reyansh Kulshrestha",61000.00,"2026-02-13 19:00:08",emp83@chronovault.com,9000000083,Loan,Active,17
377,"Anika Pillai",44000.00,"2026-02-13 19:00:08",emp84@chronovault.com,9000000084,HR,Active,17
378,"Krish Yadav",41000.00,"2026-02-13 19:00:08",emp85@chronovault.com,9000000085,Support,Active,17
379,"Ira Mukherjee",55000.00,"2026-02-13 19:00:08",emp86@chronovault.com,9000000086,IT,Active,18
380,"Devansh Reddy",49000.00,"2026-02-13 19:00:08",emp87@chronovault.com,9000000087,Finance,Active,18
381,"Myra Kapoor",62000.00,"2026-02-13 19:00:08",emp88@chronovault.com,9000000088,Loan,Active,18
382,"Laksh Verma",45000.00,"2026-02-13 19:00:08",emp89@chronovault.com,9000000089,HR,Active,18
383,"Tanisha Arora",42000.00,"2026-02-13 19:00:08",emp90@chronovault.com,9000000090,Support,Active,18
384,"Yuvan Nair",52000.00,"2026-02-13 19:00:08",emp91@chronovault.com,9000000091,IT,Active,19
385,"Navya Iyer",48000.00,"2026-02-13 19:00:08",emp92@chronovault.com,9000000092,Finance,Active,19
386,"Ayaan Sheikh",60000.00,"2026-02-13 19:00:08",emp93@chronovault.com,9000000093,Loan,Active,19
387,"Mehak Tandon",45000.00,"2026-02-13 19:00:08",emp94@chronovault.com,9000000094,HR,Active,19
388,"Pranav Joshi",43000.00,"2026-02-13 19:00:08",emp95@chronovault.com,9000000095,Support,Active,19
389,"Riya Malviya",54000.00,"2026-02-13 19:00:08",emp96@chronovault.com,9000000096,IT,Active,20
390,"Arnav Batra",50000.00,"2026-02-13 19:00:08",emp97@chronovault.com,9000000097,Finance,Active,20
391,"Ishaan Dutta",61000.00,"2026-02-13 19:00:08",emp98@chronovault.com,9000000098,Loan,Active,20
392,"Zara Khan",46000.00,"2026-02-13 19:00:08",emp99@chronovault.com,9000000099,HR,Active,20
393,"Dhruv Menon",42000.00,"2026-02-13 19:00:08",emp100@chronovault.com,9000000100,Support,Active,20
394,"Anvi Sharma",52000.00,"2026-02-13 19:00:08",emp101@chronovault.com,9000000101,IT,Active,21
395,"Harshit Kapoor",48000.00,"2026-02-13 19:00:08",emp102@chronovault.com,9000000102,Finance,Active,21
396,"Rohan Chatterjee",60000.00,"2026-02-13 19:00:08",emp103@chronovault.com,9000000103,Loan,Active,21
397,"Sakshi Rao",45000.00,"2026-02-13 19:00:08",emp104@chronovault.com,9000000104,HR,Active,21
398,"Vedant Mishra",42000.00,"2026-02-13 19:00:08",emp105@chronovault.com,9000000105,Support,Active,21
399,"Kavya Sinha",53000.00,"2026-02-13 19:00:08",emp106@chronovault.com,9000000106,IT,Active,22
400,"Rudra Patel",47000.00,"2026-02-13 19:00:08",emp107@chronovault.com,9000000107,Finance,Active,22
401,"Tara Nanda",61000.00,"2026-02-13 19:00:08",emp108@chronovault.com,9000000108,Loan,Active,22
402,"Advik Mehta",44000.00,"2026-02-13 19:00:08",emp109@chronovault.com,9000000109,HR,Active,22
403,"Shruti Deshpande",41000.00,"2026-02-13 19:00:08",emp110@chronovault.com,9000000110,Support,Active,22
404,"Naman Arora",55000.00,"2026-02-13 19:00:08",emp111@chronovault.com,9000000111,IT,Active,23
405,"Palak Jain",49000.00,"2026-02-13 19:00:08",emp112@chronovault.com,9000000112,Finance,Active,23
406,"Aarohi Singh",62000.00,"2026-02-13 19:00:08",emp113@chronovault.com,9000000113,Loan,Active,23
407,"Keshav Tiwari",45000.00,"2026-02-13 19:00:08",emp114@chronovault.com,9000000114,HR,Active,23
408,"Raghav Sharma",52000.00,"2026-02-13 19:00:08",emp116@chronovault.com,9000000116,IT,Active,24
409,"Ishita Nair",48000.00,"2026-02-13 19:00:08",emp117@chronovault.com,9000000117,Finance,Active,24
410,"Parth Desai",60000.00,"2026-02-13 19:00:08",emp118@chronovault.com,9000000118,Loan,Active,24
411,"Nisha Bhatia",45000.00,"2026-02-13 19:00:08",emp119@chronovault.com,9000000119,HR,Active,24
412,"Samar Verma",43000.00,"2026-02-13 19:00:08",emp120@chronovault.com,9000000120,Support,Active,24
413,"Alisha Roy",54000.00,"2026-02-13 19:00:08",emp121@chronovault.com,9000000121,IT,Active,25
414,"Kartik Malhotra",50000.00,"2026-02-13 19:00:08",emp122@chronovault.com,9000000122,Finance,Active,25
415,"Reetika Shah",61000.00,"2026-02-13 19:00:08",emp123@chronovault.com,9000000123,Loan,Active,25
416,"Yashika Pillai",46000.00,"2026-02-13 19:00:08",emp124@chronovault.com,9000000124,HR,Active,25
417,"Akhil Menon",42000.00,"2026-02-13 19:00:08",emp125@chronovault.com,9000000125,Support,Active,25
418,"Aarav Mehta",52000.00,"2026-02-13 19:00:08",emp249@chronovault.com,9000000249,IT,Active,49
419,"Diya Sharma",48000.00,"2026-02-13 19:00:08",emp250@chronovault.com,9000000250,HR,Active,50
420,"Rohan Kulkarni",61000.00,"2026-02-13 19:00:08",emp251@chronovault.com,9000000251,Finance,Active,1
421,"Sneha Iyer",45000.00,"2026-02-13 19:00:08",emp252@chronovault.com,9000000252,Support,Active,2
422,"Kunal Verma",70000.00,"2026-02-13 19:00:08",emp253@chronovault.com,9000000253,Loan,Active,3
423,"Ananya Rao",54000.00,"2026-02-13 19:00:08",emp254@chronovault.com,9000000254,IT,Active,4
424,"Vikram Singh",63000.00,"2026-02-13 19:00:08",emp255@chronovault.com,9000000255,Finance,Active,5
425,"Priya Nair",47000.00,"2026-02-13 19:00:08",emp256@chronovault.com,9000000256,HR,Active,6
426,"Arjun Patel",58000.00,"2026-02-13 19:00:08",emp257@chronovault.com,9000000257,Loan,Active,7
427,"Meera Joshi",43000.00,"2026-02-13 19:00:08",emp258@chronovault.com,9000000258,Support,Active,8
428,"Aditya Deshmukh",76000.00,"2026-02-13 19:00:08",emp259@chronovault.com,9000000259,IT,Active,9
429,"Kavya Reddy",51000.00,"2026-02-13 19:00:08",emp260@chronovault.com,9000000260,Other,Active,10
430,"Rahul Kapoor",62000.00,"2026-02-13 19:00:08",emp261@chronovault.com,9000000261,Finance,Active,11
431,"Ishita Bansal",49000.00,"2026-02-13 19:00:08",emp262@chronovault.com,9000000262,HR,Active,12
432,"Manav Chawla",67000.00,"2026-02-13 19:00:08",emp263@chronovault.com,9000000263,Loan,Active,13
433,"Neha Malhotra",46000.00,"2026-02-13 19:00:08",emp264@chronovault.com,9000000264,Support,Active,14
434,"Siddharth Jain",72000.00,"2026-02-13 19:00:08",emp265@chronovault.com,9000000265,IT,Active,15
435,"Riya Gupta",53000.00,"2026-02-13 19:00:08",emp266@chronovault.com,9000000266,Finance,Active,16
436,"Tanmay Kulshreshtha",59000.00,"2026-02-13 19:00:08",emp267@chronovault.com,9000000267,Loan,Active,17
437,"Pooja Thakur",44000.00,"2026-02-13 19:00:08",emp268@chronovault.com,9000000268,HR,Active,18
438,"Nikhil Agarwal",65000.00,"2026-02-13 19:00:08",emp269@chronovault.com,9000000269,IT,Active,19
439,"Shruti Mishra",50000.00,"2026-02-13 19:00:08",emp270@chronovault.com,9000000270,Support,Active,20
440,"Harsh Vardhan",71000.00,"2026-02-13 19:00:08",emp271@chronovault.com,9000000271,Finance,Active,21
441,"Aditi Menon",48000.00,"2026-02-13 19:00:08",emp272@chronovault.com,9000000272,HR,Active,22
442,"Yuvraj Sandhu",60000.00,"2026-02-13 19:00:08",emp273@chronovault.com,9000000273,Loan,Active,23
443,"Ankit Tiwari",55000.00,"2026-02-13 19:00:08",emp274@chronovault.com,9000000274,IT,Active,24
444,"Sanya Oberoi",47000.00,"2026-02-13 19:00:08",emp275@chronovault.com,9000000275,Support,Active,25
445,"Devansh Arora",68000.00,"2026-02-13 19:00:08",emp276@chronovault.com,9000000276,Finance,Active,26
446,"Palak Sethi",43000.00,"2026-02-13 19:00:08",emp277@chronovault.com,9000000277,HR,Active,27
447,"Mohit Batra",74000.00,"2026-02-13 19:00:08",emp278@chronovault.com,9000000278,Loan,Active,28
448,"Anvi Kulkarni",52000.00,"2026-02-13 19:00:08",emp279@chronovault.com,9000000279,IT,Active,29
449,"Lakshya Sood",61000.00,"2026-02-13 19:00:08",emp280@chronovault.com,9000000280,Finance,Active,30
450,"Ritika Sharma",45000.00,"2026-02-13 19:00:08",emp281@chronovault.com,9000000281,HR,Active,31
451,"Kabir Anand",66000.00,"2026-02-13 19:00:08",emp282@chronovault.com,9000000282,Loan,Active,32
452,"Naina Kapoor",48000.00,"2026-02-13 19:00:08",emp283@chronovault.com,9000000283,Support,Active,33
453,"Aman Bhargava",70000.00,"2026-02-13 19:00:08",emp284@chronovault.com,9000000284,IT,Active,34
454,"Ira Kulshreshtha",51000.00,"2026-02-13 19:00:08",emp285@chronovault.com,9000000285,Other,Active,35
455,"Rudra Shetty",63000.00,"2026-02-13 19:00:08",emp286@chronovault.com,9000000286,Finance,Active,36
456,"Tanya Sinha",46000.00,"2026-02-13 19:00:08",emp287@chronovault.com,9000000287,HR,Active,37
457,"Vivaan Khanna",72000.00,"2026-02-13 19:00:08",emp288@chronovault.com,9000000288,Loan,Active,38
458,"Mitali Desai",54000.00,"2026-02-13 19:00:08",emp289@chronovault.com,9000000289,Support,Active,39
459,"Aryan Trivedi",76000.00,"2026-02-13 19:00:08",emp290@chronovault.com,9000000290,IT,Active,40
460,"Kritika Nanda",49000.00,"2026-02-13 19:00:08",emp291@chronovault.com,9000000291,HR,Active,41
461,"Raghav Arora",65000.00,"2026-02-13 19:00:08",emp292@chronovault.com,9000000292,Finance,Active,42
462,"Simran Gill",47000.00,"2026-02-13 19:00:08",emp293@chronovault.com,9000000293,Support,Active,43
463,"Dhruv Shah",68000.00,"2026-02-13 19:00:08",emp294@chronovault.com,9000000294,Loan,Active,44
464,"Avni Mehra",52000.00,"2026-02-13 19:00:08",emp295@chronovault.com,9000000295,IT,Active,45
465,"Keshav Bansal",61000.00,"2026-02-13 19:00:08",emp296@chronovault.com,9000000296,Finance,Active,46
466,"Ishaan Prakash",45000.00,"2026-02-13 19:00:08",emp297@chronovault.com,9000000297,HR,Active,47
467,"Sanika Patil",59000.00,"2026-02-13 19:00:08",emp298@chronovault.com,9000000298,Loan,Active,48
468,"Omkar Jadhav",53000.00,"2026-02-13 19:00:08",emp299@chronovault.com,9000000299,Support,Active,49
469,"Harini Subramanian",48000.00,"2026-02-13 19:00:08",emp300@chronovault.com,9000000300,HR,Active,50
470,"Aakash Yadav",62000.00,"2026-02-13 19:00:08",emp301@chronovault.com,9000000301,Finance,Active,1
471,"Sakshi Chavan",54000.00,"2026-02-13 19:00:08",emp302@chronovault.com,9000000302,IT,Active,2
472,"Ritesh Nanda",71000.00,"2026-02-13 19:00:08",emp303@chronovault.com,9000000303,Loan,Active,3
473,"Bhavya Kulshreshtha",46000.00,"2026-02-13 19:00:08",emp304@chronovault.com,9000000304,Support,Active,4
474,"Tejaswini Rao",50000.00,"2026-02-13 19:00:08",emp305@chronovault.com,9000000305,Other,Active,5
475,"Parth Desai",67000.00,"2026-02-13 19:00:08",emp306@chronovault.com,9000000306,Finance,Active,6
476,"Ankita Bhosale",44000.00,"2026-02-13 19:00:08",emp307@chronovault.com,9000000307,HR,Active,7
477,"Karan Malviya",73000.00,"2026-02-13 19:00:08",emp308@chronovault.com,9000000308,IT,Active,8
478,"Shravani Patankar",52000.00,"2026-02-13 19:00:08",emp309@chronovault.com,9000000309,Loan,Active,9
479,"Vansh Goyal",61000.00,"2026-02-13 19:00:08",emp310@chronovault.com,9000000310,Finance,Active,10
480,"Nupur Kamat",47000.00,"2026-02-13 19:00:08",emp311@chronovault.com,9000000311,Support,Active,11
481,"Atharva Kulkarni",76000.00,"2026-02-13 19:00:08",emp312@chronovault.com,9000000312,IT,Active,12
482,"Mrunal Pawar",49000.00,"2026-02-13 19:00:08",emp313@chronovault.com,9000000313,HR,Active,13
483,"Jatin Sethi",65000.00,"2026-02-13 19:00:08",emp314@chronovault.com,9000000314,Loan,Active,14
484,"Divya Shekhar",53000.00,"2026-02-13 19:00:08",emp315@chronovault.com,9000000315,Other,Active,15
485,"Chirag Vora",69000.00,"2026-02-13 19:00:08",emp316@chronovault.com,9000000316,Finance,Active,16
486,"Vaishnavi Naidu",45000.00,"2026-02-13 19:00:08",emp317@chronovault.com,9000000317,Support,Active,17
487,"Pranav Joshi",72000.00,"2026-02-13 19:00:08",emp318@chronovault.com,9000000318,IT,Active,18
488,"Rupal Shah",48000.00,"2026-02-13 19:00:08",emp319@chronovault.com,9000000319,HR,Active,19
489,"Saurabh Tandon",64000.00,"2026-02-13 19:00:08",emp320@chronovault.com,9000000320,Loan,Active,20
490,"Isha Arvind",51000.00,"2026-02-13 19:00:08",emp321@chronovault.com,9000000321,Finance,Active,21
491,"Tanvi Kulshrestha",46000.00,"2026-02-13 19:00:08",emp322@chronovault.com,9000000322,Support,Active,22
492,"Armaan Chopra",75000.00,"2026-02-13 19:00:08",emp323@chronovault.com,9000000323,IT,Active,23
493,"Preeti Wagh",49000.00,"2026-02-13 19:00:08",emp324@chronovault.com,9000000324,HR,Active,24
494,"Yogesh Patil",67000.00,"2026-02-13 19:00:08",emp325@chronovault.com,9000000325,Loan,Active,25
495,"Ira Banerjee",54000.00,"2026-02-13 19:00:08",emp326@chronovault.com,9000000326,Other,Active,26
496,"Rohan Shetty",70000.00,"2026-02-13 19:00:08",emp327@chronovault.com,9000000327,Finance,Active,27
497,"Sonia Khurana",45000.00,"2026-02-13 19:00:08",emp328@chronovault.com,9000000328,Support,Active,28
498,"Akshay Jindal",76000.00,"2026-02-13 19:00:08",emp329@chronovault.com,9000000329,IT,Active,29
499,"Nikita Sawant",52000.00,"2026-02-13 19:00:08",emp330@chronovault.com,9000000330,HR,Active,30
500,"Hemant Rawat",63000.00,"2026-02-13 19:00:08",emp331@chronovault.com,9000000331,Loan,Active,31
501,"Riddhi Kulkarni",47000.00,"2026-02-13 19:00:08",emp332@chronovault.com,9000000332,Support,Active,32
502,"Adarsh Iqbal",68000.00,"2026-02-13 19:00:08",emp333@chronovault.com,9000000333,Finance,Active,33
503,"Saloni Batra",50000.00,"2026-02-13 19:00:08",emp334@chronovault.com,9000000334,Other,Active,34
504,"Manish Choudhary",72000.00,"2026-02-13 19:00:08",emp335@chronovault.com,9000000335,IT,Active,35
505,"Anushka Giri",48000.00,"2026-02-13 19:00:08",emp336@chronovault.com,9000000336,HR,Active,36
506,"Devendra Solanki",65000.00,"2026-02-13 19:00:08",emp337@chronovault.com,9000000337,Loan,Active,37
507,"Pallavi Menon",53000.00,"2026-02-13 19:00:08",emp338@chronovault.com,9000000338,Finance,Active,38
508,"Samar Arora",71000.00,"2026-02-13 19:00:08",emp339@chronovault.com,9000000339,IT,Active,39
509,"Shreya Venkatesh",46000.00,"2026-02-13 19:00:08",emp340@chronovault.com,9000000340,Support,Active,40
